<ImportExportXml xmlns:xsi="http://www.w3.org/2001/XMLSchema-instance">
  <Entities></Entities>
  <Roles></Roles>
  <Workflows></Workflows>
  <FieldSecurityProfiles></FieldSecurityProfiles>
  <Templates />
  <EntityMaps />
  <EntityRelationships />
  <OrganizationSettings />
  <optionsets />
  <CustomControls />
  <EntityDataProviders />
  <CanvasApps>
    <CanvasApp>
      <Name>crfd4_davescomponenttoolbox_0d8f8</Name>
      <AppVersion>2022-08-31T14:19:21Z</AppVersion>
      <Status>Ready</Status>
      <CreatedByClientVersion>3.22083.10.0</CreatedByClientVersion>
      <MinClientVersion>3.22083.10.0</MinClientVersion>
      <Tags>{"primaryDeviceWidth":"1366","primaryDeviceHeight":"1136","supportsPortrait":"true","supportsLandscape":"true","primaryFormFactor":"Phone","publisherVersion":"3.22083.10","minimumRequiredApiVersion":"2.2.0","hasComponent":"true","hasUnlockedComponent":"true","isUnifiedRootApp":"false","sienaVersion":"20220831T140148Z-3.22083.10.0"}</Tags>
      <IsCdsUpgraded>0</IsCdsUpgraded>
      <GalleryItemId xsi:nil="true"></GalleryItemId>
      <BackgroundColor>RGBA(251,101,60,255)</BackgroundColor>
      <DisplayName>Daves Component ToolBox</DisplayName>
      <Description xsi:nil="true"></Description>
      <CommitMessage xsi:nil="true"></CommitMessage>
      <Publisher xsi:nil="true"></Publisher>
      <AuthorizationReferences>[]</AuthorizationReferences>
      <ConnectionReferences>{"ddb0b27e-1e1a-4d8e-8198-cb3db8d291db":{"id":"/providers/microsoft.powerapps/apis/shared_azureblob","displayName":"Azure Blob Storage","iconUri":"https://connectoricons-prod.azureedge.net/releases/v1.0.1591/1.0.1591.2961/azureblob/icon.png","dataSources":["AzureBlobStorage"],"dependencies":[],"dependents":[],"parameterHints":{},"parameterHintsV2":{},"isOnPremiseConnection":false,"sharedConnectionId":"3fafbafa-045c-43f9-9604-75c1acdf1a4c","bypassConsent":false,"dataSets":{},"apiTier":"Premium","actions":["CreateShareLinkByPath","DeleteFile","CreateFile_V2"],"endpoints":["dsappfiles"],"authenticationType":"keyBasedAuth"}}</ConnectionReferences>
      <DatabaseReferences>{}</DatabaseReferences>
      <AppComponents>[{"appComponentName":"50cb943a09bb49c6a1c35498b7603bc8","displayName":"Attach Files to a Record","appName":"02e12086-74c0-497b-a37b-a64c86f77e4a","appVersion":"2022-08-31T14:19:21Z","appComponentLibraryLogicalName":"crfd4_davescomponenttoolbox_0d8f8","appDisplayName":"Daves Component ToolBox","environmentName":"f5983d68-e81c-ed88-b377-6e1fa34ae519","owner":{"id":"1a9520af-595d-43c6-a2a5-e1355267372c","displayName":"David Soden","email":"david.soden@decisionforward.com","type":"User","tenantId":"46cb5cab-925e-42c0-9057-78358156df05","userPrincipalName":"david.soden@decisionforward.com"},"allowCustomization":true,"createdOn":"2022-08-31T13:46:40.027Z","lastModifiedOn":"2022-08-31T14:17:25.476Z","connectionReferences":{"ddb0b27e-1e1a-4d8e-8198-cb3db8d291db":{"id":"/providers/microsoft.powerapps/apis/shared_azureblob","dataSources":["AzureBlobStorage"],"dependencies":[],"dependents":[],"parameterHints":{},"parameterHintsV2":{},"isOnPremiseConnection":false,"sharedConnectionId":"/providers/microsoft.powerapps/apis/shared_azureblob/connections/f8195720dd4d46c18e3123a4dcbee1ec","dataSets":{},"actions":["CreateShareLinkByPath","DeleteFile","CreateFile_V2"],"endpoints":["dsappfiles"],"authenticationType":"keyBasedAuth"}},"databaseReferences":{}}]</AppComponents>
      <AppComponentDependencies>[]</AppComponentDependencies>
      <CanConsumeAppPass>1</CanConsumeAppPass>
      <CanvasAppType>1</CanvasAppType>
      <BypassConsent>0</BypassConsent>
      <AdminControlBypassConsent>0</AdminControlBypassConsent>
      <EmbeddedApp xsi:nil="true"></EmbeddedApp>
      <IntroducedVersion>1.0</IntroducedVersion>
      <CdsDependencies>{"cdsdependencies":[]}</CdsDependencies>
      <IsCustomizable>1</IsCustomizable>
      <BackgroundImageUri>/CanvasApps/crfd4_davescomponenttoolbox_0d8f8_BackgroundImageUri</BackgroundImageUri>
      <DocumentUri>/CanvasApps/crfd4_davescomponenttoolbox_0d8f8_DocumentUri.msapp</DocumentUri>
    </CanvasApp>
  </CanvasApps>
  <Languages>
    <Language>1033</Language>
  </Languages>
</ImportExportXml>