{"schemaVersion":"1.0","appDefinitionTemplate":{"id":"/providers/Microsoft.PowerApps/apps/","type":"Microsoft.PowerApps/apps","tags":{"primaryDeviceWidth":"1366","primaryDeviceHeight":"768","supportsPortrait":"true","supportsLandscape":"true","primaryFormFactor":"Tablet","publisherVersion":"3.22083.16","minimumRequiredApiVersion":"2.2.0","hasComponent":"false","hasUnlockedComponent":"false","isUnifiedRootApp":"false","sienaVersion":"20220901T154931Z-3.22083.16.0"},"properties":{"appVersion":"2022-09-01T15:49:31Z","lifeCycleId":"Published","createdByClientVersion":{"major":3,"minor":22083,"build":16,"revision":0,"majorRevision":0,"minorRevision":0},"minClientVersion":{"major":3,"minor":22083,"build":16,"revision":0,"majorRevision":0,"minorRevision":0},"backgroundColor":"RGBA(0,176,240,1)","backgroundImageUri":"/14366044041446860044/Nd0cea7be-7db7-4baa-b003-b07cccaba4db-logoSmallFile","displayName":"AddressRefresh","description":"","commitMessage":"","appUris":{"documentUri":{"value":"/14366044041446860044/Na1da4785-caed-4a5f-be66-d852ad1185c3-document.msapp"},"imageUris":[],"additionalUris":[]},"createdTime":"0001-01-01T00:00:00Z","lastModifiedTime":"0001-01-01T00:00:00Z","sharedGroupsCount":0,"sharedUsersCount":0,"icons":{"smallIconUri":"/14366044041446860044/Ne5f37b54-14a4-4efe-81d9-8e8c57f7c8e9-small.png","mediumIconUri":"/14366044041446860044/N9111db4a-2e58-484c-8223-363e18cea0f3-medium.png","largeIconUri":"/14366044041446860044/N78c68989-ff94-4933-9c87-1e61fbf12072-large.png","wideIconUri":"/14366044041446860044/Nc210750c-a1da-4226-93b6-b0087dce82f3-wide.png"},"connectionReferences":{"2e868c89-dd54-4d3a-97c0-4b57fce9eadf":{"id":"f870d900-eef6-4583-8c70-29d7281fe2f3","displayName":"Spatial Services","iconUri":"https://connectoricons-prod.azureedge.net/releases/v1.0.1586/1.0.1586.2912/microsoftspatialservices/icon.png","dataSources":["SpatialServices"],"dependencies":[],"dependents":[],"parameterHints":{},"parameterHintsV2":{},"isOnPremiseConnection":false,"bypassConsent":false,"dataSets":{},"apiTier":"Premium","isCustomApiConnection":false}},"databaseReferences":{},"almMode":"Environment","performanceOptimizationEnabled":true,"canConsumeAppPass":true,"enableModernRuntimeMode":false,"executionRestrictions":{"isTeamsOnly":false,"dataLossPreventionEvaluationResult":{"status":"Compliant","lastEvaluationDate":"2022-09-01T14:52:03.6458433Z","violations":[],"violationsByPolicy":[],"violationErrorMessage":"The app uses the following connectors: shared_microsoftspatialservices."}}},"appType":"ClassicCanvasApp","appComponents":[]}}