{"schemaVersion":"1.0","appDefinitionTemplate":{"id":"/providers/Microsoft.PowerApps/apps/","type":"Microsoft.PowerApps/apps","tags":{"primaryDeviceWidth":"1366","primaryDeviceHeight":"768","supportsPortrait":"true","supportsLandscape":"true","primaryFormFactor":"Tablet","publisherVersion":"3.22082.8","minimumRequiredApiVersion":"2.2.0","hasComponent":"false","hasUnlockedComponent":"false","isUnifiedRootApp":"false","sienaVersion":"20220828T165613Z-3.22082.8.0"},"properties":{"appVersion":"2022-08-28T16:56:13Z","lifeCycleId":"Published","createdByClientVersion":{"major":3,"minor":22082,"build":8,"revision":0,"majorRevision":0,"minorRevision":0},"minClientVersion":{"major":3,"minor":22082,"build":8,"revision":0,"majorRevision":0,"minorRevision":0},"backgroundColor":"rgba(202, 202, 202, 1)","backgroundImageUri":"/2672368588277474263/Nc24491d3-9ade-423d-a627-7428ee7bfa8b-logoSmallFile","displayName":"Collections, Edit Grid, Sub Grids","description":"","commitMessage":"","appUris":{"documentUri":{"value":"/2672368588277474263/N29b84c92-a36f-40a4-9db9-e2c5847992dc-document.msapp"},"imageUris":[],"additionalUris":[]},"createdTime":"0001-01-01T00:00:00Z","lastModifiedTime":"0001-01-01T00:00:00Z","sharedGroupsCount":0,"sharedUsersCount":0,"icons":{"smallIconUri":"/2672368588277474263/N112756b3-47de-4f74-808f-316fa128bf02-small.png","mediumIconUri":"/2672368588277474263/Nf46cf4fc-fb61-4f17-ad79-4e65f0116ef4-medium.png","largeIconUri":"/2672368588277474263/Nd41c9007-032a-4627-aa07-86846beb7e2e-large.png","wideIconUri":"/2672368588277474263/Nedeb0420-eb29-4c47-b439-7b55af367fa0-wide.png"},"connectionReferences":{},"databaseReferences":{},"almMode":"Environment","performanceOptimizationEnabled":true,"canConsumeAppPass":true,"enableModernRuntimeMode":false,"executionRestrictions":{"isTeamsOnly":false,"dataLossPreventionEvaluationResult":{"status":"Compliant","lastEvaluationDate":"2022-08-28T15:57:50.5344893Z","violations":[],"violationsByPolicy":[],"violationErrorMessage":"The app uses the following connectors: ."}}},"appType":"ClassicCanvasApp","appComponents":[]}}