{"schemaVersion":"1.0","appDefinitionTemplate":{"id":"/providers/Microsoft.PowerApps/apps/","type":"Microsoft.PowerApps/apps","tags":{"primaryDeviceWidth":"1366","primaryDeviceHeight":"768","supportsPortrait":"true","supportsLandscape":"true","primaryFormFactor":"Tablet","publisherVersion":"3.22082.8","minimumRequiredApiVersion":"2.2.0","hasComponent":"false","hasUnlockedComponent":"false","isUnifiedRootApp":"false","sienaVersion":"20220828T174152Z-3.22082.8.0"},"properties":{"appVersion":"2022-08-28T17:41:52Z","lifeCycleId":"Published","createdByClientVersion":{"major":3,"minor":22082,"build":8,"revision":0,"majorRevision":0,"minorRevision":0},"minClientVersion":{"major":3,"minor":22082,"build":8,"revision":0,"majorRevision":0,"minorRevision":0},"backgroundColor":"rgba(202, 202, 202, 1)","backgroundImageUri":"/2672368588277474263/Nd81c699d-eb59-481a-8a37-9cc420ce6e3f-logoSmallFile","displayName":"Collections, Edit Grid, Sub Grids","description":"","commitMessage":"","appUris":{"documentUri":{"value":"/2672368588277474263/Nbb89c974-c5ad-497f-bf54-b2b7929b3f07-document.msapp"},"imageUris":[],"additionalUris":[]},"createdTime":"0001-01-01T00:00:00Z","lastModifiedTime":"0001-01-01T00:00:00Z","sharedGroupsCount":0,"sharedUsersCount":0,"icons":{"smallIconUri":"/2672368588277474263/Nb043e78f-483e-4171-a205-637ad9788aa7-small.png","mediumIconUri":"/2672368588277474263/N04961e97-39ba-43b1-bb4a-8290eeafaa66-medium.png","largeIconUri":"/2672368588277474263/Nf8a05911-eb54-42e5-8268-5fcd21941d2a-large.png","wideIconUri":"/2672368588277474263/N2d34ad9c-47ca-4c05-ac83-9582fc12f22d-wide.png"},"connectionReferences":{},"databaseReferences":{},"almMode":"Environment","performanceOptimizationEnabled":true,"canConsumeAppPass":true,"enableModernRuntimeMode":false,"executionRestrictions":{"isTeamsOnly":false,"dataLossPreventionEvaluationResult":{"status":"Compliant","lastEvaluationDate":"2022-08-28T15:57:50.5344893Z","violations":[],"violationsByPolicy":[],"violationErrorMessage":"The app uses the following connectors: ."}}},"appType":"ClassicCanvasApp","appComponents":[]}}