{"swagger":"2.0","info":{"title":"11 Eleven Labs","description":"","version":"1.0"},"host":"api.elevenlabs.io","basePath":"/","schemes":["https"],"consumes":[],"produces":[],"paths":{"/v1/voices":{"get":{"responses":{"default":{"description":"default","schema":{"type":"object","properties":{"voices":{"type":"array","items":{"type":"object","properties":{"available_for_tiers":{"type":"array","items":{"type":"string"},"description":"available_for_tiers"},"category":{"type":"string","description":"category"},"description":{"type":"string","description":"description"},"fine_tuning":{"type":"object","properties":{"fine_tuning_requested":{"type":"string","description":"fine_tuning_requested"},"finetuning_state":{"type":"string","description":"finetuning_state"},"is_allowed_to_fine_tune":{"type":"string","description":"is_allowed_to_fine_tune"},"language":{"type":"string","description":"language"},"manual_verification":{"type":"object","properties":{"extra_text":{"type":"string","description":"extra_text"},"files":{"type":"array","items":{"type":"object","properties":{"file_id":{"type":"string","description":"file_id"},"file_name":{"type":"string","description":"file_name"},"mime_type":{"type":"string","description":"mime_type"},"size_bytes":{"type":"string","description":"size_bytes"},"upload_date_unix":{"type":"string","description":"upload_date_unix"}}},"description":"files"},"request_time_unix":{"type":"string","description":"request_time_unix"}},"description":"manual_verification"},"manual_verification_requested":{"type":"string","description":"manual_verification_requested"},"slice_ids":{"type":"array","items":{"type":"string"},"description":"slice_ids"},"verification_attempts":{"type":"array","items":{"type":"object","properties":{"accepted":{"type":"string","description":"accepted"},"date_unix":{"type":"string","description":"date_unix"},"levenshtein_distance":{"type":"string","description":"levenshtein_distance"},"recording":{"type":"object","properties":{"mime_type":{"type":"string","description":"mime_type"},"recording_id":{"type":"string","description":"recording_id"},"size_bytes":{"type":"string","description":"size_bytes"},"transcription":{"type":"string","description":"transcription"},"upload_date_unix":{"type":"string","description":"upload_date_unix"}},"description":"recording"},"similarity":{"type":"string","description":"similarity"},"text":{"type":"string","description":"text"}}},"description":"verification_attempts"},"verification_attempts_count":{"type":"string","description":"verification_attempts_count"},"verification_failures":{"type":"array","items":{"type":"string"},"description":"verification_failures"}},"description":"fine_tuning"},"high_quality_base_model_ids":{"type":"array","items":{"type":"string"},"description":"high_quality_base_model_ids"},"labels":{"type":"string","description":"labels"},"name":{"type":"string","description":"name"},"preview_url":{"type":"string","description":"preview_url"},"samples":{"type":"array","items":{"type":"object","properties":{"file_name":{"type":"string","description":"file_name"},"hash":{"type":"string","description":"hash"},"mime_type":{"type":"string","description":"mime_type"},"sample_id":{"type":"string","description":"sample_id"},"size_bytes":{"type":"string","description":"size_bytes"}}},"description":"samples"},"settings":{"type":"object","properties":{"similarity_boost":{"type":"string","description":"similarity_boost"},"stability":{"type":"string","description":"stability"},"style":{"type":"string","description":"style"},"use_speaker_boost":{"type":"boolean","description":"use_speaker_boost"}},"description":"settings"},"sharing":{"type":"object","properties":{"cloned_by_count":{"type":"string","description":"cloned_by_count"},"description":{"type":"string","description":"description"},"enabled_in_library":{"type":"string","description":"enabled_in_library"},"history_item_sample_id":{"type":"string","description":"history_item_sample_id"},"labels":{"type":"string","description":"labels"},"liked_by_count":{"type":"string","description":"liked_by_count"},"name":{"type":"string","description":"name"},"original_voice_id":{"type":"string","description":"original_voice_id"},"public_owner_id":{"type":"string","description":"public_owner_id"},"review_message":{"type":"string","description":"review_message"},"review_status":{"type":"string","description":"review_status"},"status":{"type":"string","description":"status"},"whitelisted_emails":{"type":"array","items":{"type":"string"},"description":"whitelisted_emails"}},"description":"sharing"},"voice_id":{"type":"string","description":"voice_id"}}},"description":"voices"}}}}},"summary":"Get Voices","description":"Get Voices","operationId":"GetVoices","parameters":[]}},"/v1/text-to-speech/{voice-id}":{"post":{"responses":{"default":{"description":"default","schema":{}}},"summary":"Text to Speech","description":"Text to Speech","operationId":"TextToSpeech","parameters":[{"name":"voice-id","in":"path","required":true,"type":"string","default":"pNInz6obpgDQGcFmaJgB","x-ms-visibility":"important"},{"name":"output_format","in":"query","required":true,"type":"string","enum":["mp3_44100_64","mp3_44100_96","mp3_44100_128","mp3_44100_192"],"x-ms-visibility":"important","default":"mp3_44100_128"},{"name":"Accept","in":"header","required":true,"type":"string","default":"audio/mpeg","x-ms-visibility":"internal","enum":["audio/mpeg"]},{"name":"Content-Type","in":"header","required":true,"type":"string","default":"application/json","enum":["application/json"],"x-ms-visibility":"internal"},{"name":"body","in":"body","required":true,"schema":{"type":"object","properties":{"text":{"type":"string","description":"text","title":"","default":"Hello my name is Mr. Ed!"},"model_id":{"type":"string","description":"model_id","title":"","default":"eleven_monolingual_v1","x-ms-visibility":"internal","enum":["eleven_monolingual_v1"]},"voice_settings":{"type":"object","properties":{"stability":{"type":"number","format":"float","description":"stability","title":"","default":0.5,"x-ms-visibility":"important"},"similarity_boost":{"type":"number","format":"float","description":"similarity_boost","title":"","default":0.5,"x-ms-visibility":"important"},"style":{"type":"integer","format":"int32","description":"style","title":"","x-ms-visibility":"important","enum":[0]},"use_speaker_boost":{"type":"boolean","description":"use_speaker_boost","title":"","enum":[true,false],"x-ms-visibility":"important"}},"description":"voice_settings","required":["similarity_boost","stability"]}},"required":["text","model_id","voice_settings"],"x-ms-visibility":"important"},"x-ms-visibility":"important"}]}},"/v1/user/subscription":{"get":{"responses":{"default":{"description":"default","schema":{"type":"object","properties":{"allowed_to_extend_character_limit":{"type":"boolean","description":"allowed_to_extend_character_limit"},"can_extend_character_limit":{"type":"boolean","description":"can_extend_character_limit"},"can_extend_voice_limit":{"type":"boolean","description":"can_extend_voice_limit"},"can_use_instant_voice_cloning":{"type":"boolean","description":"can_use_instant_voice_cloning"},"can_use_professional_voice_cloning":{"type":"boolean","description":"can_use_professional_voice_cloning"},"character_count":{"type":"integer","format":"int32","description":"character_count"},"character_limit":{"type":"integer","format":"int32","description":"character_limit"},"currency":{"type":"string","description":"currency"},"has_open_invoices":{"type":"boolean","description":"has_open_invoices"},"max_voice_add_edits":{"type":"integer","format":"int32","description":"max_voice_add_edits"},"next_character_count_reset_unix":{"type":"integer","format":"int32","description":"next_character_count_reset_unix"},"next_invoice":{"type":"object","properties":{"amount_due_cents":{"type":"integer","format":"int32","description":"amount_due_cents"},"next_payment_attempt_unix":{"type":"integer","format":"int32","description":"next_payment_attempt_unix"}},"description":"next_invoice"},"professional_voice_limit":{"type":"integer","format":"int32","description":"professional_voice_limit"},"status":{"type":"string","description":"status"},"tier":{"type":"string","description":"tier"},"voice_add_edit_counter":{"type":"integer","format":"int32","description":"voice_add_edit_counter"},"voice_limit":{"type":"integer","format":"int32","description":"voice_limit"}}}}},"summary":"Get Subscription Info","description":"Get Subscription Info","operationId":"GetSubscriptionInfo","parameters":[{"name":"accept","in":"header","required":true,"type":"string","default":"application/json","x-ms-visibility":"internal"}]}}},"definitions":{},"parameters":{},"responses":{},"securityDefinitions":{},"security":[],"tags":[]}