{"name":"8d4922de-cdbe-415f-bebb-49ed9a0dddde","id":"/providers/Microsoft.Flow/flows/8d4922de-cdbe-415f-bebb-49ed9a0dddde","type":"Microsoft.Flow/flows","properties":{"apiId":"/providers/Microsoft.PowerApps/apis/shared_logicflows","displayName":"Capture Form Data Example","definition":{"metadata":{"workflowEntityId":null,"processAdvisorMetadata":null,"flowChargedByPaygo":null,"flowclientsuspensionreason":"None","flowclientsuspensiontime":null,"flowclientsuspensionreasondetails":null,"creator":{"id":"f0fa8763-4016-468d-a45a-e6fabe24f93d","type":"User","tenantId":"599e51d6-2f8c-4347-8e59-1f795a51a98c"},"provisioningMethod":"FromDefinition","failureAlertSubscription":true,"clientLastModifiedTime":"2024-12-18T16:29:57.3360657Z","connectionKeySavedTimeKey":"2024-12-18T16:29:57.3360657Z"},"$schema":"https://schema.management.azure.com/providers/Microsoft.Logic/schemas/2016-06-01/workflowdefinition.json#","contentVersion":"1.0.0.0","parameters":{"$authentication":{"defaultValue":{},"type":"SecureObject"},"$connections":{"defaultValue":{},"type":"Object"}},"triggers":{"manual":{"metadata":{},"type":"Request","kind":"Http","inputs":{"schema":{"type":"object","properties":{"firstName":{"type":"string"},"lastName":{"type":"string"},"phone":{"type":"string"},"email":{"type":"string"},"comments":{"type":"string"}},"required":["firstName","lastName","phone","email","comments"]},"method":"POST","triggerAuthenticationType":"All"}}},"actions":{"Compose":{"runAfter":{},"type":"Compose","inputs":"Here is the data captured that can be put where ever you like:\n\nFirst: @{triggerBody()['$formdata']?[0]?['value']}\nLast: @{triggerBody()['$formdata']?[1]?['value']}\nEmail: @{triggerBody()['$formdata']?[3]?['value']}\nPhone: @{triggerBody()['$formdata']?[2]?['value']}\n\nComments: @{triggerBody()['$formdata']?[4]?['value']}\n\n\nImagine the possibilities\n"}},"outputs":{}},"connectionReferences":{},"flowFailureAlertSubscribed":false,"isManaged":false}}