<ImportExportXml xmlns:xsi="http://www.w3.org/2001/XMLSchema-instance">
  <Entities></Entities>
  <Roles></Roles>
  <Workflows></Workflows>
  <FieldSecurityProfiles></FieldSecurityProfiles>
  <Templates />
  <EntityMaps />
  <EntityRelationships />
  <OrganizationSettings />
  <optionsets />
  <CustomControls />
  <EntityDataProviders />
  <Connectors>
    <Connector>
      <connectorid>427d2aa3-01e8-458d-99a8-fd1dc1236d8d</connectorid>
      <description></description>
      <displayname>11 Eleven Labs</displayname>
      <iconbrandcolor>#007ee5</iconbrandcolor>
      <name>dts_11-20eleven-20labs</name>
      <connectortype>1</connectortype>
      <openapidefinition>/Connector/dts_11-20eleven-20labs_openapidefinition.json</openapidefinition>
      <connectionparameters>/Connector/dts_11-20eleven-20labs_connectionparameters.json</connectionparameters>
      <policytemplateinstances>/Connector/dts_11-20eleven-20labs_policytemplateinstances.json</policytemplateinstances>
      <iconblob>/Connector/dts_11-20eleven-20labs_iconblob.Png</iconblob>
    </Connector>
  </Connectors>
  <Languages>
    <Language>1033</Language>
  </Languages>
</ImportExportXml>