{"schemaVersion":"1.0","appDefinitionTemplate":{"id":"/providers/Microsoft.PowerApps/apps/","type":"Microsoft.PowerApps/apps","tags":{"primaryDeviceWidth":"1366","primaryDeviceHeight":"768","supportsPortrait":"true","supportsLandscape":"true","primaryFormFactor":"Tablet","publisherVersion":"3.22083.16","minimumRequiredApiVersion":"2.2.0","hasComponent":"false","hasUnlockedComponent":"false","isUnifiedRootApp":"false","sienaVersion":"20220901T014538Z-3.22083.16.0"},"properties":{"appVersion":"2022-09-01T01:45:38Z","lifeCycleId":"Published","createdByClientVersion":{"major":3,"minor":22083,"build":16,"revision":0,"majorRevision":0,"minorRevision":0},"minClientVersion":{"major":3,"minor":22083,"build":16,"revision":0,"majorRevision":0,"minorRevision":0},"backgroundColor":"RGBA(0,176,240,1)","backgroundImageUri":"/11057420439218089476/Ned7070ef-193c-4d1c-9cc7-b66c05691a00-logoSmallFile","displayName":"Example","description":"","commitMessage":"","appUris":{"documentUri":{"value":"/11057420439218089476/Nf735ba94-8a56-4ab2-bf38-ee5fad25461d-document.msapp"},"imageUris":[],"additionalUris":[]},"createdTime":"0001-01-01T00:00:00Z","lastModifiedTime":"0001-01-01T00:00:00Z","sharedGroupsCount":0,"sharedUsersCount":0,"icons":{"smallIconUri":"/11057420439218089476/N9eea0486-90c8-4443-acdb-eddb3fc11315-small.png","mediumIconUri":"/11057420439218089476/N148aa918-d25a-4db1-bdf0-db2d1f6b8404-medium.png","largeIconUri":"/11057420439218089476/Ndfbd144f-6e4a-4717-b2a4-283dde8d5e7b-large.png","wideIconUri":"/11057420439218089476/N22a9c789-addc-473f-b561-fc3e0f80851d-wide.png"},"connectionReferences":{},"databaseReferences":{},"almMode":"Environment","performanceOptimizationEnabled":true,"canConsumeAppPass":true,"enableModernRuntimeMode":false,"executionRestrictions":{"isTeamsOnly":false,"dataLossPreventionEvaluationResult":{"status":"Compliant","lastEvaluationDate":"2022-09-01T01:45:56.3594863Z","violations":[],"violationsByPolicy":[],"violationErrorMessage":"The app uses the following connectors: ."}}},"appType":"ClassicCanvasApp","appComponents":[]}}