{"name":"4fdd2c60-5f42-459c-a178-01ebda83a4cd","id":"/providers/Microsoft.Flow/flows/4fdd2c60-5f42-459c-a178-01ebda83a4cd","type":"Microsoft.Flow/flows","properties":{"apiId":"/providers/Microsoft.PowerApps/apis/shared_logicflows","displayName":"Capture Form Data Example","definition":{"metadata":{"workflowEntityId":null,"processAdvisorMetadata":null,"flowChargedByPaygo":null,"flowclientsuspensionreason":"None","flowclientsuspensiontime":null,"flowclientsuspensionreasondetails":null,"creator":{"id":"1a9520af-595d-43c6-a2a5-e1355267372c","type":"User","tenantId":"46cb5cab-925e-42c0-9057-78358156df05"},"provisioningMethod":"FromDefinition","failureAlertSubscription":true,"clientLastModifiedTime":"2024-12-18T17:18:18.4000668Z","connectionKeySavedTimeKey":"2024-12-18T17:17:43.4326331Z"},"$schema":"https://schema.management.azure.com/providers/Microsoft.Logic/schemas/2016-06-01/workflowdefinition.json#","contentVersion":"1.0.0.0","parameters":{"$authentication":{"defaultValue":{},"type":"SecureObject"},"$connections":{"defaultValue":{},"type":"Object"}},"triggers":{"manual":{"metadata":{},"type":"Request","kind":"Http","inputs":{"schema":{"type":"object","properties":{"firstName":{"type":"string"},"lastName":{"type":"string"},"phone":{"type":"string"},"email":{"type":"string"},"comments":{"type":"string"}},"required":["firstName","lastName","phone","email","comments"]},"method":"POST","triggerAuthenticationType":"All"}}},"actions":{"Compose":{"runAfter":{},"type":"Compose","inputs":"Here is the data captured that can be put where ever you like:\n\nFirst: @{triggerBody()['$formdata']?[0]?['value']}\nLast: @{triggerBody()['$formdata']?[1]?['value']}\nEmail: @{triggerBody()['$formdata']?[3]?['value']}\nPhone: @{triggerBody()['$formdata']?[2]?['value']}\n\nComments: @{triggerBody()['$formdata']?[4]?['value']}\n\n\nImagine the possibilities\n"}},"outputs":{}},"connectionReferences":{},"flowFailureAlertSubscribed":false,"isManaged":false}}