{"name":"c73e15a6-98cb-4c07-baa6-981cd3d8217c","id":"/providers/Microsoft.Flow/flows/c73e15a6-98cb-4c07-baa6-981cd3d8217c","type":"Microsoft.Flow/flows","properties":{"apiId":"/providers/Microsoft.PowerApps/apis/shared_logicflows","displayName":"Bulk Send via Teams","definition":{"metadata":{"workflowEntityId":null,"processAdvisorMetadata":null,"flowChargedByPaygo":null,"flowclientsuspensionreason":"None","flowclientsuspensiontime":null,"flowclientsuspensionreasondetails":null,"creator":{"id":"f0fa8763-4016-468d-a45a-e6fabe24f93d","type":"User","tenantId":"599e51d6-2f8c-4347-8e59-1f795a51a98c"},"provisioningMethod":"FromDefinition","failureAlertSubscription":true,"clientLastModifiedTime":"2024-05-16T14:42:40.3332666Z","connectionKeySavedTimeKey":"2024-05-16T14:42:40.3332666Z"},"$schema":"https://schema.management.azure.com/providers/Microsoft.Logic/schemas/2016-06-01/workflowdefinition.json#","contentVersion":"undefined","parameters":{"$authentication":{"defaultValue":{},"type":"SecureObject"},"$connections":{"defaultValue":{},"type":"Object"}},"triggers":{"manual":{"type":"Request","kind":"Button","inputs":{"schema":{"type":"object","properties":{},"required":[]}}}},"actions":{"Get_items":{"runAfter":{},"type":"OpenApiConnection","inputs":{"parameters":{"dataset":"https://cnxmail.sharepoint.com/sites/LowCode","table":"df9d64fd-7162-4d10-9997-8e83ae7cd913","view":"a119097d-271a-43a3-a950-7b5adbac1935"},"host":{"apiId":"/providers/Microsoft.PowerApps/apis/shared_sharepointonline","connectionName":"shared_sharepointonline","operationId":"GetItems"},"authentication":{"value":"@json(decodeBase64(triggerOutputs().headers['X-MS-APIM-Tokens']))['$ConnectionKey']","type":"Raw"}}},"Initialize_variable":{"runAfter":{"Get_items":["Succeeded"]},"type":"InitializeVariable","inputs":{"variables":[{"name":"vEmlList","type":"array"}]}},"For_each":{"foreach":"@outputs('Get_items')?['body/value']","actions":{"Append_to_array_variable":{"type":"AppendToArrayVariable","inputs":{"name":"vEmlList","value":"@items('For_each')?['Title']"}}},"runAfter":{"Initialize_variable":["Succeeded"]},"type":"Foreach"},"Create_a_chat":{"runAfter":{"For_each":["Succeeded"]},"type":"OpenApiConnection","inputs":{"parameters":{"item/members":"@join(variables('vEmlList'),';')","item/topic":"*** TESTING IGNORE ***"},"host":{"apiId":"/providers/Microsoft.PowerApps/apis/shared_teams","connectionName":"shared_teams","operationId":"CreateChat"},"authentication":{"value":"@json(decodeBase64(triggerOutputs().headers['X-MS-APIM-Tokens']))['$ConnectionKey']","type":"Raw"}}},"Post_message_in_a_chat_or_channel":{"runAfter":{"Create_a_chat":["Succeeded"]},"type":"OpenApiConnection","inputs":{"parameters":{"poster":"User","location":"Group chat","body/recipient":"@outputs('Create_a_chat')?['body/id']","body/messageBody":"<p>IGNORE THIS TESTING IN POWER AUTOMATE FOR T-MOBILE</p>"},"host":{"apiId":"/providers/Microsoft.PowerApps/apis/shared_teams","connectionName":"shared_teams","operationId":"PostMessageToConversation"},"authentication":{"value":"@json(decodeBase64(triggerOutputs().headers['X-MS-APIM-Tokens']))['$ConnectionKey']","type":"Raw"}}},"Send_an_email_(V2)":{"runAfter":{"For_each":["Succeeded"]},"type":"OpenApiConnection","inputs":{"parameters":{"emailMessage/To":"@join(variables('vEmlList'),';')","emailMessage/Subject":"*** TESTING IGNORE ***","emailMessage/Body":"<p>IGNORE THIS TESTING IN POWER AUTOMATE FOR T-MOBILE</p>","emailMessage/Importance":"Normal"},"host":{"apiId":"/providers/Microsoft.PowerApps/apis/shared_office365","connectionName":"shared_office365","operationId":"SendEmailV2"},"authentication":{"value":"@json(decodeBase64(triggerOutputs().headers['X-MS-APIM-Tokens']))['$ConnectionKey']","type":"Raw"}}}}},"connectionReferences":{"shared_sharepointonline":{"connectionName":"c0d36de92f78453484736dbd1a5df415","source":"Invoker","id":"/providers/Microsoft.PowerApps/apis/shared_sharepointonline","tier":"NotSpecified"},"shared_teams":{"connectionName":"shared-teams-fdefeeb7-7655-4ae1-8cf4-b79b81341e89","source":"Invoker","id":"/providers/Microsoft.PowerApps/apis/shared_teams","tier":"NotSpecified"},"shared_office365":{"connectionName":"shared-office365-32df1c5b-b479-436e-8f40-4d6723135735","source":"Invoker","id":"/providers/Microsoft.PowerApps/apis/shared_office365","tier":"NotSpecified"}},"flowFailureAlertSubscribed":false,"isManaged":false}}