{
  "properties": {
    "connectionReferences": {
      "shared_11-20eleven-20labs-5f3c65b43dcc734550-5f3bcd33567bc98b8b": {
        "runtimeSource": "invoker",
        "connection": {
          "connectionReferenceLogicalName": "dts_shared1120eleven20labs5f3c65b43dcc7345505f3bcd33567bc98b8b_4993c"
        },
        "api": {
          "name": "shared_11-20eleven-20labs-5f3c65b43dcc734550-5f3bcd33567bc98b8b",
          "logicalName": "dts_11-20eleven-20labs"
        }
      },
      "shared_sharepointonline": {
        "runtimeSource": "invoker",
        "connection": {
          "connectionReferenceLogicalName": "dts_sharedsharepointonline_2047c"
        },
        "api": {
          "name": "shared_sharepointonline"
        }
      }
    },
    "definition": {
      "$schema": "https://schema.management.azure.com/providers/Microsoft.Logic/schemas/2016-06-01/workflowdefinition.json#",
      "contentVersion": "1.0.0.0",
      "parameters": {
        "$authentication": {
          "defaultValue": {},
          "type": "SecureObject"
        },
        "$connections": {
          "defaultValue": {},
          "type": "Object"
        }
      },
      "triggers": {
        "manual": {
          "metadata": {
            "operationMetadataId": "bcc5b56c-1fe1-4da1-afea-5f9f6c743b8f"
          },
          "type": "Request",
          "kind": "PowerAppV2",
          "inputs": {
            "schema": {
              "type": "object",
              "properties": {
                "text": {
                  "title": "voiceID",
                  "type": "string",
                  "x-ms-dynamically-added": true,
                  "description": "Please enter your input",
                  "x-ms-content-hint": "TEXT"
                },
                "text_1": {
                  "title": "toVoiceText",
                  "type": "string",
                  "x-ms-dynamically-added": true,
                  "description": "Please enter your input",
                  "x-ms-content-hint": "TEXT"
                }
              },
              "required": [
                "text",
                "text_1"
              ]
            }
          }
        }
      },
      "actions": {
        "Text_to_Speech": {
          "runAfter": {},
          "metadata": {
            "operationMetadataId": "cde9e910-c033-497a-bacc-ef9031a488b0"
          },
          "type": "OpenApiConnection",
          "inputs": {
            "parameters": {
              "voice-id": "@triggerBody()['text']",
              "output_format": "mp3_44100_128",
              "body/text": "@triggerBody()['text_1']",
              "body/voice_settings/stability": 0.5,
              "body/voice_settings/similarity_boost": 0.5,
              "body/voice_settings/style": 0,
              "body/voice_settings/use_speaker_boost": false
            },
            "host": {
              "apiId": "",
              "connectionName": "shared_11-20eleven-20labs-5f3c65b43dcc734550-5f3bcd33567bc98b8b",
              "operationId": "TextToSpeech"
            },
            "authentication": {
              "value": "@json(decodeBase64(triggerOutputs().headers['X-MS-APIM-Tokens']))['$ConnectionKey']",
              "type": "Raw"
            }
          }
        },
        "Create_file": {
          "runAfter": {
            "Text_to_Speech": [
              "Succeeded"
            ]
          },
          "type": "OpenApiConnection",
          "inputs": {
            "parameters": {
              "dataset": "https://cnxmail.sharepoint.com/sites/LowCode",
              "folderPath": "/Shared Documents/AIAudio",
              "name": "@concat(guid(),'.mp3')",
              "body": "@body('Text_to_Speech')"
            },
            "host": {
              "apiId": "/providers/Microsoft.PowerApps/apis/shared_sharepointonline",
              "connectionName": "shared_sharepointonline",
              "operationId": "CreateFile"
            },
            "authentication": {
              "value": "@json(decodeBase64(triggerOutputs().headers['X-MS-APIM-Tokens']))['$ConnectionKey']",
              "type": "Raw"
            }
          }
        },
        "Respond_to_a_PowerApp_or_flow": {
          "runAfter": {
            "Get_file_properties": [
              "Succeeded"
            ]
          },
          "type": "Response",
          "kind": "PowerApp",
          "inputs": {
            "schema": {
              "type": "object",
              "properties": {
                "fileloc": {
                  "title": "fileLoc",
                  "type": "string",
                  "x-ms-content-hint": "TEXT",
                  "x-ms-dynamically-added": true
                }
              },
              "additionalProperties": {}
            },
            "statusCode": 200,
            "body": {
              "fileloc": "@body('Get_file_properties')?['{Link}']"
            }
          }
        },
        "Get_file_properties": {
          "runAfter": {
            "Create_file": [
              "Succeeded"
            ]
          },
          "type": "OpenApiConnection",
          "inputs": {
            "parameters": {
              "dataset": "https://cnxmail.sharepoint.com/sites/LowCode",
              "table": "f904a9d8-cac8-4d1d-afd6-b9bf649fe8ac",
              "id": "@outputs('Create_file')?['body/ItemId']"
            },
            "host": {
              "apiId": "/providers/Microsoft.PowerApps/apis/shared_sharepointonline",
              "connectionName": "shared_sharepointonline",
              "operationId": "GetFileItem"
            },
            "authentication": {
              "value": "@json(decodeBase64(triggerOutputs().headers['X-MS-APIM-Tokens']))['$ConnectionKey']",
              "type": "Raw"
            }
          }
        }
      }
    },
    "templateName": null
  },
  "schemaVersion": "1.0.0.0"
}