{"schemaVersion":"1.0","appDefinitionTemplate":{"id":"/providers/Microsoft.PowerApps/apps/","type":"Microsoft.PowerApps/apps","tags":{"primaryDeviceWidth":"1366","primaryDeviceHeight":"768","supportsPortrait":"true","supportsLandscape":"true","primaryFormFactor":"Tablet","publisherVersion":"3.22083.10","minimumRequiredApiVersion":"2.2.0","hasComponent":"false","hasUnlockedComponent":"false","isUnifiedRootApp":"false","sienaVersion":"20220830T021703Z-3.22083.10.0"},"properties":{"appVersion":"2022-08-30T02:17:03Z","lifeCycleId":"Published","createdByClientVersion":{"major":3,"minor":22083,"build":10,"revision":0,"majorRevision":0,"minorRevision":0},"minClientVersion":{"major":3,"minor":22083,"build":10,"revision":0,"majorRevision":0,"minorRevision":0},"backgroundColor":"RGBA(0,176,240,1)","backgroundImageUri":"/890599413116102069/Ne2e84170-41f6-4181-b38c-43be3af023a2-logoSmallFile","displayName":"Azure Blob App","description":"","commitMessage":"","appUris":{"documentUri":{"value":"/890599413116102069/N8df8a1be-8741-420f-8f08-190c24655a66-document.msapp"},"imageUris":[],"additionalUris":[]},"createdTime":"0001-01-01T00:00:00Z","lastModifiedTime":"0001-01-01T00:00:00Z","sharedGroupsCount":0,"sharedUsersCount":0,"icons":{"smallIconUri":"/890599413116102069/Nf8cb90ef-6fff-41b4-a0e9-3e1a806aba75-small.png","mediumIconUri":"/890599413116102069/Nd547a0fc-af78-4bfe-97ff-d772aa9ae558-medium.png","largeIconUri":"/890599413116102069/Nb6c831e6-bb3b-462f-bcef-11b989bab0d4-large.png","wideIconUri":"/890599413116102069/Ncbc554bd-9e7e-4345-ba3c-033185b08d8d-wide.png"},"connectionReferences":{"ddb0b27e-1e1a-4d8e-8198-cb3db8d291db":{"id":"760d4587-05b5-47f5-a088-16bd129731c9","displayName":"Azure Blob Storage","iconUri":"https://connectoricons-prod.azureedge.net/releases/v1.0.1591/1.0.1591.2961/azureblob/icon.png","dataSources":["AzureBlobStorage"],"dependencies":[],"dependents":[],"parameterHints":{},"parameterHintsV2":{},"isOnPremiseConnection":false,"sharedConnectionId":"cde2eaf1-ffe4-4c1b-b8d7-b1355448c808","bypassConsent":false,"dataSets":{},"apiTier":"Premium","isCustomApiConnection":false,"authenticationType":"keyBasedAuth","actions":["DeleteFile","CreateShareLinkByPath","CreateFile_V2"],"endpoints":["dsappfiles"]}},"databaseReferences":{},"almMode":"Environment","performanceOptimizationEnabled":true,"canConsumeAppPass":true,"enableModernRuntimeMode":false,"executionRestrictions":{"isTeamsOnly":false,"dataLossPreventionEvaluationResult":{"status":"Compliant","lastEvaluationDate":"2022-08-29T19:08:48.2402755Z","violations":[],"violationsByPolicy":[],"violationErrorMessage":"The app uses the following connectors: shared_azureblob."}}},"appType":"ClassicCanvasApp","appComponents":[]}}