<ImportExportXml xmlns:xsi="http://www.w3.org/2001/XMLSchema-instance">
  <Entities></Entities>
  <Roles></Roles>
  <Workflows>
    <Workflow WorkflowId="{9ed45ef1-5a86-ee11-8179-0022480c034b}" Name="Text-To-Speach">
      <JsonFileName>/Workflows/Text-To-Speach-9ED45EF1-5A86-EE11-8179-0022480C034B.json</JsonFileName>
      <Type>1</Type>
      <Subprocess>0</Subprocess>
      <Category>5</Category>
      <Mode>0</Mode>
      <Scope>4</Scope>
      <OnDemand>0</OnDemand>
      <TriggerOnCreate>0</TriggerOnCreate>
      <TriggerOnDelete>0</TriggerOnDelete>
      <AsyncAutodelete>0</AsyncAutodelete>
      <SyncWorkflowLogOnFailure>0</SyncWorkflowLogOnFailure>
      <StateCode>1</StateCode>
      <StatusCode>2</StatusCode>
      <RunAs>1</RunAs>
      <IsTransacted>1</IsTransacted>
      <IntroducedVersion>1.0.0.0</IntroducedVersion>
      <IsCustomizable>1</IsCustomizable>
      <BusinessProcessType>0</BusinessProcessType>
      <IsCustomProcessingStepAllowedForOtherPublishers>1</IsCustomProcessingStepAllowedForOtherPublishers>
      <PrimaryEntity>none</PrimaryEntity>
      <LocalizedNames>
        <LocalizedName languagecode="1033" description="Text-To-Speach" />
      </LocalizedNames>
    </Workflow>
  </Workflows>
  <FieldSecurityProfiles></FieldSecurityProfiles>
  <Templates />
  <EntityMaps />
  <EntityRelationships />
  <OrganizationSettings />
  <optionsets />
  <CustomControls />
  <EntityDataProviders />
  <CanvasApps>
    <CanvasApp>
      <Name>dts_11labstest_129ab</Name>
      <AppVersion>2023-11-18T18:43:40Z</AppVersion>
      <Status>Ready</Status>
      <CreatedByClientVersion>3.23105.18.0</CreatedByClientVersion>
      <MinClientVersion>3.23105.18.0</MinClientVersion>
      <Tags>{"primaryDeviceWidth":"1366","primaryDeviceHeight":"768","supportsPortrait":"true","supportsLandscape":"true","primaryFormFactor":"Tablet","showStatusBar":"false","publisherVersion":"3.23105.18","minimumRequiredApiVersion":"2.2.0","hasComponent":"false","hasUnlockedComponent":"false","isUnifiedRootApp":"false","sienaVersion":"20231118T184340Z-3.23105.18.0"}</Tags>
      <IsCdsUpgraded>0</IsCdsUpgraded>
      <GalleryItemId xsi:nil="true"></GalleryItemId>
      <BackgroundColor>rgba(0, 0, 0, 1)</BackgroundColor>
      <DisplayName>11LabsTest</DisplayName>
      <Description xsi:nil="true"></Description>
      <CommitMessage xsi:nil="true"></CommitMessage>
      <Publisher xsi:nil="true"></Publisher>
      <AuthorizationReferences>[]</AuthorizationReferences>
      <ConnectionReferences>{"dc3feefc-df91-4d91-b549-85cb5564d076":{"id":"/providers/microsoft.powerapps/apis/shared_11-20eleven-20labs-5f3c65b43dcc734550-5f3bcd33567bc98b8b","displayName":"11 Eleven Labs","iconUri":"https://prodapiicons.cdn.powerappscdn.net/20231117t000000za96b3d0e484a4daaad9bde79b39803b4/customconnectoricon.png","dataSources":["11ElevenLabs"],"dependencies":[],"dependents":["60c5dbd7-710a-4629-b717-538d21377278"],"parameterHints":{},"parameterHintsV2":{},"isOnPremiseConnection":false,"bypassConsent":false,"dataSets":{},"apiTier":"Standard","actions":["GetSubscriptionInfo","GetVoices"],"customApiLogicalName":"dts_11-20eleven-20labs","isCustomApiSolutionAware":true},"60c5dbd7-710a-4629-b717-538d21377278":{"id":"/providers/microsoft.powerapps/apis/shared_logicflows","displayName":"Logic flows","iconUri":"https://connectoricons-prod.azureedge.net/releases/v1.0.1664/1.0.1664.3477/logicflows/icon.png","dataSources":["Text-To-Speach"],"dependencies":["dc3feefc-df91-4d91-b549-85cb5564d076","8672a630-0a5a-45ab-86ff-eda8a6a66cc4"],"dependents":[],"parameterHints":{"workflowName":{"value":"e27a2fc0-907b-442e-8bd5-b686f265d5a4"},"workflowEntityId":{},"dc3feefc-df91-4d91-b549-85cb5564d076":{"value":"shared_11-20eleven-20labs-5f3c65b43dcc734550-5f3bcd33567bc98b8b"},"8672a630-0a5a-45ab-86ff-eda8a6a66cc4":{"value":"shared_sharepointonline"}},"parameterHintsV2":{"workflowName":{"value":"e27a2fc0-907b-442e-8bd5-b686f265d5a4"},"workflowEntityId":{},"shared_11-20eleven-20labs-5f3c65b43dcc734550-5f3bcd33567bc98b8b":{"value":"dc3feefc-df91-4d91-b549-85cb5564d076"},"shared_sharepointonline":{"value":"8672a630-0a5a-45ab-86ff-eda8a6a66cc4"}},"isOnPremiseConnection":false,"bypassConsent":false,"dataSets":{},"apiTier":"Standard","actions":["Run"],"isCustomApiSolutionAware":false},"8672a630-0a5a-45ab-86ff-eda8a6a66cc4":{"id":"/providers/microsoft.powerapps/apis/shared_sharepointonline","displayName":"SharePoint","iconUri":"https://connectoricons-prod.azureedge.net/releases/v1.0.1664/1.0.1664.3477/sharepointonline/icon.png","dataSources":[],"dependencies":[],"dependents":["60c5dbd7-710a-4629-b717-538d21377278"],"parameterHints":{},"parameterHintsV2":{},"isOnPremiseConnection":false,"bypassConsent":false,"dataSets":{},"apiTier":"Standard","isCustomApiSolutionAware":false}}</ConnectionReferences>
      <DatabaseReferences>{}</DatabaseReferences>
      <AppComponents>[]</AppComponents>
      <AppComponentDependencies>[]</AppComponentDependencies>
      <CanConsumeAppPass>1</CanConsumeAppPass>
      <CanvasAppType>0</CanvasAppType>
      <BypassConsent>0</BypassConsent>
      <AdminControlBypassConsent>0</AdminControlBypassConsent>
      <EmbeddedApp xsi:nil="true"></EmbeddedApp>
      <IntroducedVersion>1.0</IntroducedVersion>
      <CdsDependencies>{"cdsdependencies":[{"logicalname":"dts_11-20eleven-20labs","componenttype":372,"componenttypeplatformname":"connector"}]}</CdsDependencies>
      <IsCustomizable>1</IsCustomizable>
      <BackgroundImageUri>/CanvasApps/dts_11labstest_129ab_BackgroundImageUri</BackgroundImageUri>
      <DocumentUri>/CanvasApps/dts_11labstest_129ab_DocumentUri.msapp</DocumentUri>
    </CanvasApp>
  </CanvasApps>
  <Connectors>
    <Connector>
      <connectorid>427d2aa3-01e8-458d-99a8-fd1dc1236d8d</connectorid>
      <description></description>
      <displayname>11 Eleven Labs</displayname>
      <iconbrandcolor>#007ee5</iconbrandcolor>
      <name>dts_11-20eleven-20labs</name>
      <connectortype>1</connectortype>
      <openapidefinition>/Connector/dts_11-20eleven-20labs_openapidefinition.json</openapidefinition>
      <connectionparameters>/Connector/dts_11-20eleven-20labs_connectionparameters.json</connectionparameters>
      <policytemplateinstances>/Connector/dts_11-20eleven-20labs_policytemplateinstances.json</policytemplateinstances>
      <iconblob>/Connector/dts_11-20eleven-20labs_iconblob.Png</iconblob>
    </Connector>
  </Connectors>
  <connectionreferences>
    <connectionreference connectionreferencelogicalname="dts_shared1120eleven20labs5f3c65b43dcc7345505f3bcd33567bc98b8b_4993c">
      <connectionreferencedisplayname>11 Eleven Labs 11ElevenLabs-4993c</connectionreferencedisplayname>
      <connectorid>/providers/Microsoft.PowerApps/apis/shared_11-20eleven-20labs-5f3c65b43dcc734550-5f3bcd33567bc98b8b</connectorid>
      <customconnectorid>
        <connectorid>427d2aa3-01e8-458d-99a8-fd1dc1236d8d</connectorid>
      </customconnectorid>
      <iscustomizable>1</iscustomizable>
      <statecode>0</statecode>
      <statuscode>1</statuscode>
    </connectionreference>
    <connectionreference connectionreferencelogicalname="dts_sharedsharepointonline_2047c">
      <connectionreferencedisplayname>SharePoint 11ElevenLabs-2047c</connectionreferencedisplayname>
      <connectorid>/providers/Microsoft.PowerApps/apis/shared_sharepointonline</connectorid>
      <iscustomizable>1</iscustomizable>
      <statecode>0</statecode>
      <statuscode>1</statuscode>
    </connectionreference>
  </connectionreferences>
  <Languages>
    <Language>1033</Language>
  </Languages>
</ImportExportXml>